<keymap version="1" name="Nóva" parent="Emacs">
  <action id="$Copy">
    <keyboard-shortcut first-keystroke="ctrl c" />
  </action>
  <action id="$Cut">
    <keyboard-shortcut first-keystroke="ctrl x" />
  </action>
  <action id="$Delete">
    <keyboard-shortcut first-keystroke="delete" />
  </action>
  <action id="$Paste">
    <keyboard-shortcut first-keystroke="ctrl v" />
  </action>
  <action id="$SelectAll">
    <keyboard-shortcut first-keystroke="shift ctrl a" />
  </action>
  <action id="$Undo">
    <keyboard-shortcut first-keystroke="ctrl z" />
  </action>
  <action id="BraceOrQuoteOut" />
  <action id="CIDR.Lang.Cpp.GenerateDefinitions" />
  <action id="ChangesView.ToggleCommitUi" />
  <action id="CheckinProject" />
  <action id="CloseAllEditors" />
  <action id="CloseContent">
    <keyboard-shortcut first-keystroke="ctrl f4" />
  </action>
  <action id="CommentByBlockComment">
    <keyboard-shortcut first-keystroke="shift ctrl slash" />
  </action>
  <action id="CommentByLineComment">
    <keyboard-shortcut first-keystroke="ctrl slash" />
  </action>
  <action id="CompareTwoFiles" />
  <action id="Console.TableResult.CompareCells" />
  <action id="Console.TableResult.NavigateForeignAction" />
  <action id="Diff.NextChange">
    <keyboard-shortcut first-keystroke="alt right" />
  </action>
  <action id="Diff.PrevChange">
    <keyboard-shortcut first-keystroke="alt left" />
  </action>
  <action id="Diff.ShowDiff" />
  <action id="Diff.ShowSettingsPopup" />
  <action id="DomElementsTreeView.DeleteElement">
    <keyboard-shortcut first-keystroke="delete" />
  </action>
  <action id="Editor Copy">
    <keyboard-shortcut first-keystroke="ctrl c" />
  </action>
  <action id="Editor Cut">
    <keyboard-shortcut first-keystroke="ctrl x" />
  </action>
  <action id="Editor Paste">
    <keyboard-shortcut first-keystroke="ctrl v" />
  </action>
  <action id="Editor SelectAll">
    <keyboard-shortcut first-keystroke="shift ctrl a" />
  </action>
  <action id="Editor Undo">
    <keyboard-shortcut first-keystroke="ctrl z" />
  </action>
  <action id="EditorBackwardParagraph" />
  <action id="EditorChooseLookupItemReplace" />
  <action id="EditorCutLineEnd" />
  <action id="EditorDeleteLine">
    <keyboard-shortcut first-keystroke="ctrl k" />
  </action>
  <action id="EditorForwardParagraph" />
  <action id="EditorIndentSelection" />
  <action id="EditorKillRingSave" />
  <action id="EditorLineEndWithSelection">
    <keyboard-shortcut first-keystroke="shift ctrl right" />
  </action>
  <action id="EditorLineStartWithSelection">
    <keyboard-shortcut first-keystroke="shift ctrl left" />
  </action>
  <action id="EditorLookupDown" />
  <action id="EditorLookupUp" />
  <action id="EditorNextWord">
    <keyboard-shortcut first-keystroke="alt f" />
    <keyboard-shortcut first-keystroke="escape" second-keystroke="ctrl f" />
  </action>
  <action id="EditorNextWordWithSelection" />
  <action id="EditorPageDown">
    <keyboard-shortcut first-keystroke="page_down" />
  </action>
  <action id="EditorPageUp">
    <keyboard-shortcut first-keystroke="page_up" />
    <keyboard-shortcut first-keystroke="alt v" />
  </action>
  <action id="EditorPreviousWord">
    <keyboard-shortcut first-keystroke="alt b" />
    <keyboard-shortcut first-keystroke="escape" second-keystroke="ctrl b" />
  </action>
  <action id="EditorPreviousWordWithSelection" />
  <action id="EditorRight">
    <keyboard-shortcut first-keystroke="right" />
  </action>
  <action id="EditorScrollToCenter" />
  <action id="EditorSortLines">
    <keyboard-shortcut first-keystroke="ctrl l" />
  </action>
  <action id="EditorSwapSelectionBoundaries" />
  <action id="EditorTab">
    <keyboard-shortcut first-keystroke="tab" />
  </action>
  <action id="EditorUp">
    <keyboard-shortcut first-keystroke="up" />
  </action>
  <action id="EmacsStyleIndent" />
  <action id="ExpandLiveTemplateByTab" />
  <action id="FileChooser.GotoDesktop" />
  <action id="FileChooser.TogglePathShowing" />
  <action id="Find">
    <keyboard-shortcut first-keystroke="ctrl f" />
  </action>
  <action id="FindPrevious">
    <keyboard-shortcut first-keystroke="shift f3" />
    <keyboard-shortcut first-keystroke="alt r" />
  </action>
  <action id="GotoDeclaration">
    <keyboard-shortcut first-keystroke="ctrl d" />
  </action>
  <action id="GotoFile">
    <keyboard-shortcut first-keystroke="shift ctrl d" />
  </action>
  <action id="GotoNextError">
    <keyboard-shortcut first-keystroke="f2" />
  </action>
  <action id="GotoTypeDeclaration" />
  <action id="Graph.ActualSize">
    <keyboard-shortcut first-keystroke="ctrl divide" />
  </action>
  <action id="Images.Editor.ActualSize">
    <keyboard-shortcut first-keystroke="ctrl divide" />
  </action>
  <action id="Images.Thumbnails.Hide">
    <keyboard-shortcut first-keystroke="ctrl f4" />
  </action>
  <action id="List-scrollDown">
    <keyboard-shortcut first-keystroke="page_down" />
  </action>
  <action id="List-scrollUp">
    <keyboard-shortcut first-keystroke="page_up" />
    <keyboard-shortcut first-keystroke="alt v" />
  </action>
  <action id="List-selectPreviousRow">
    <keyboard-shortcut first-keystroke="up" />
  </action>
  <action id="MethodOverloadSwitchDown" />
  <action id="MethodOverloadSwitchUp" />
  <action id="MoveLineDown">
    <keyboard-shortcut first-keystroke="ctrl down" />
  </action>
  <action id="MoveLineUp">
    <keyboard-shortcut first-keystroke="ctrl up" />
  </action>
  <action id="NavBar-selectUp">
    <keyboard-shortcut first-keystroke="up" />
  </action>
  <action id="NextParameter" />
  <action id="NextProjectWindow" />
  <action id="NextSplitter" />
  <action id="NextTab">
    <keyboard-shortcut first-keystroke="alt right" />
  </action>
  <action id="NextTemplateParameter" />
  <action id="NextTemplateVariable">
    <keyboard-shortcut first-keystroke="enter" />
    <keyboard-shortcut first-keystroke="ctrl m" />
  </action>
  <action id="PopupMenu-selectPrevious">
    <keyboard-shortcut first-keystroke="up" />
  </action>
  <action id="PreviousTab">
    <keyboard-shortcut first-keystroke="alt left" />
  </action>
  <action id="Replace">
    <keyboard-shortcut first-keystroke="ctrl r" />
  </action>
  <action id="ResizeToolWindowLeft" />
  <action id="ResizeToolWindowRight" />
  <action id="SaveAll">
    <keyboard-shortcut first-keystroke="ctrl s" />
  </action>
  <action id="SearchEverywhere.CompleteCommand" />
  <action id="SearchEverywhere.NavigateToNextGroup">
    <keyboard-shortcut first-keystroke="page_down" />
  </action>
  <action id="SearchEverywhere.NavigateToPrevGroup">
    <keyboard-shortcut first-keystroke="page_up" />
  </action>
  <action id="SearchEverywhere.NextTab" />
  <action id="SendEOF" />
  <action id="SplitHorizontally" />
  <action id="SplitVertically" />
  <action id="Switcher" />
  <action id="Table-scrollDownChangeSelection">
    <keyboard-shortcut first-keystroke="page_down" />
  </action>
  <action id="Table-scrollUpChangeSelection">
    <keyboard-shortcut first-keystroke="page_up" />
    <keyboard-shortcut first-keystroke="alt v" />
  </action>
  <action id="Table-selectPreviousRow">
    <keyboard-shortcut first-keystroke="up" />
  </action>
  <action id="Terminal.ClearBuffer" />
  <action id="Terminal.CopySelectedText">
    <keyboard-shortcut first-keystroke="ctrl insert" />
  </action>
  <action id="Terminal.NextSplitter" />
  <action id="Terminal.Paste">
    <keyboard-shortcut first-keystroke="shift insert" />
  </action>
  <action id="TogglePresentationMode">
    <keyboard-shortcut first-keystroke="ctrl p" />
  </action>
  <action id="Tree-selectPrevious">
    <keyboard-shortcut first-keystroke="up" />
  </action>
  <action id="Uml.ShowDiff" />
  <action id="UnsplitAll" />
  <action id="UsageView.Exclude">
    <keyboard-shortcut first-keystroke="delete" />
  </action>
  <action id="Vcs.Log.FocusTextFilter" />
  <action id="Vcs.UpdateProject" />
  <action id="openAssertEqualsDiff" />
</keymap>